ds,y
12/10/2007,14629
12/11/2007,5012
12/12/2007,3582
12/13/2007,3205
12/14/2007,2680
12/15/2007,2401
12/16/2007,4510
12/17/2007,6831
12/18/2007,4370
12/19/2007,3196
12/20/2007,2642
12/21/2007,2349
12/22/2007,1862
12/23/2007,4382
12/24/2007,5542
12/25/2007,2572
12/26/2007,2576
12/27/2007,3140
12/28/2007,2770
12/29/2007,2536
12/30/2007,16369
12/31/2007,11920
1/1/2008,3999
1/2/2008,4604
1/3/2008,3874
1/4/2008,3317
1/5/2008,2836
1/6/2008,13484
1/7/2008,6952
1/8/2008,4585
1/9/2008,3821
1/10/2008,3951
1/11/2008,3995
1/12/2008,3638
1/13/2008,21950
1/14/2008,25011
1/15/2008,7584
1/16/2008,5251
1/17/2008,5155
1/18/2008,4446
1/19/2008,3726
1/20/2008,6898
1/21/2008,54025
1/22/2008,12644
1/23/2008,7505
1/24/2008,5133
1/25/2008,4893
1/26/2008,4525
1/27/2008,5285
1/28/2008,6226
1/29/2008,5620
1/30/2008,5846
2/1/2008,6797
2/2/2008,5105
2/3/2008,16286
2/4/2008,179415
2/5/2008,41576
2/6/2008,16183
2/7/2008,11110
2/8/2008,7870
2/9/2008,5373
2/10/2008,5527
2/11/2008,5521
2/12/2008,3698
2/13/2008,3181
2/14/2008,3339
2/15/2008,2439
2/16/2008,2054
2/17/2008,1912
2/18/2008,2234
2/19/2008,2413
2/20/2008,2227
2/21/2008,2365
2/22/2008,2198
2/23/2008,1601
2/24/2008,2726
2/25/2008,2052
2/26/2008,1946
2/27/2008,1935
2/29/2008,1905
3/2/2008,1536
3/5/2008,3377
3/6/2008,2664
3/7/2008,2489
3/8/2008,1610
3/9/2008,2476
3/10/2008,1886
3/11/2008,1898
3/12/2008,2184
3/13/2008,1767
3/14/2008,1570
3/15/2008,1133
3/16/2008,1234
3/17/2008,1556
3/18/2008,1520
3/19/2008,1578
3/20/2008,1448
3/21/2008,1410
3/22/2008,1099
3/23/2008,1292
3/24/2008,2343
3/25/2008,1842
3/26/2008,1659
3/27/2008,1707
3/28/2008,1378
3/29/2008,1087
3/30/2008,1355
3/31/2008,1497
4/1/2008,1555
4/2/2008,1834
4/3/2008,1625
4/4/2008,1460
4/5/2008,1441
4/6/2008,1298
4/7/2008,2021
4/8/2008,2034
4/9/2008,1679
4/10/2008,3576
4/11/2008,1635
4/12/2008,1220
4/13/2008,1189
4/14/2008,1671
4/15/2008,1793
4/16/2008,1613
4/17/2008,2171
4/18/2008,2184
4/19/2008,1421
4/20/2008,3446
4/21/2008,6087
4/22/2008,3265
4/23/2008,2541
4/24/2008,2098
4/25/2008,3044
4/26/2008,2515
4/27/2008,2270
4/28/2008,2530
4/29/2008,2052
4/30/2008,2089
5/1/2008,1898
5/2/2008,1704
5/3/2008,1180
5/4/2008,1126
5/5/2008,1623
5/6/2008,1470
5/7/2008,1574
5/8/2008,1831
5/9/2008,1738
5/10/2008,1230
5/11/2008,1243
5/12/2008,1730
5/13/2008,1506
5/14/2008,1653
5/15/2008,1640
5/16/2008,1472
5/17/2008,1085
5/18/2008,1089
5/19/2008,1688
5/20/2008,1575
5/21/2008,1728
5/22/2008,1585
5/23/2008,1266
5/24/2008,930
5/25/2008,983
5/26/2008,1069
5/27/2008,1431
5/28/2008,1437
5/29/2008,1430
5/30/2008,1284
5/31/2008,959
6/3/2008,1279
6/4/2008,1362
6/5/2008,1342
6/6/2008,1356
6/7/2008,1321
6/8/2008,916
6/9/2008,975
6/10/2008,1317
6/11/2008,1398
6/12/2008,1330
6/13/2008,1318
6/14/2008,1065
6/15/2008,1010
6/16/2008,1370
6/17/2008,1567
6/18/2008,1398
6/19/2008,1371
6/20/2008,1291
6/21/2008,1396
6/22/2008,1082
6/23/2008,1057
6/24/2008,1409
6/25/2008,1288
6/26/2008,1252
6/27/2008,1202
6/28/2008,1110
6/29/2008,951
6/30/2008,923
7/2/2008,1249
7/3/2008,1447
7/4/2008,1140
7/5/2008,983
7/6/2008,1051
7/7/2008,1474
7/8/2008,1803
7/9/2008,1496
7/10/2008,1346
7/11/2008,1370
7/12/2008,1419
8/1/2008,1679
8/2/2008,1233
8/3/2008,1408
8/4/2008,3932
8/5/2008,2011
8/6/2008,2088
8/7/2008,3018
8/8/2008,2780
8/9/2008,1824
8/10/2008,1847
8/11/2008,1978
8/12/2008,1809
8/13/2008,1588
8/14/2008,1612
8/15/2008,1484
8/16/2008,1444
8/17/2008,1623
8/18/2008,1839
8/19/2008,2722
8/20/2008,2260
8/21/2008,2144
8/22/2008,2057
8/23/2008,1687
8/24/2008,1958
8/25/2008,2831
8/26/2008,2430
8/27/2008,3003
8/28/2008,2418
8/29/2008,2522
8/30/2008,1835
8/31/2008,2054
9/1/2008,2579
9/2/2008,2878
9/3/2008,2312
9/4/2008,3232
9/5/2008,3866
9/6/2008,2368
9/7/2008,3560
9/8/2008,10740
9/9/2008,4182
9/10/2008,2516
9/11/2008,2462
9/12/2008,2482
9/13/2008,1910
9/14/2008,5193
9/15/2008,3670
9/16/2008,3241
9/17/2008,2419
9/18/2008,2145
9/19/2008,2080
9/20/2008,1901
9/21/2008,3825
9/22/2008,4040
9/23/2008,3384
9/24/2008,2222
9/25/2008,2130
9/26/2008,1857
9/27/2008,2768
9/28/2008,2756
9/29/2008,3084
9/30/2008,2266
10/1/2008,2196
10/2/2008,1719
10/3/2008,1622
10/4/2008,1550
10/5/2008,3299
10/6/2008,3486
10/7/2008,2896
10/8/2008,2625
10/9/2008,2070
10/10/2008,1974
10/11/2008,1544
10/12/2008,3560
10/13/2008,4192
10/14/2008,4801
10/15/2008,2627
10/16/2008,2247
10/17/2008,1791
10/18/2008,1597
10/19/2008,3215
10/20/2008,3517
10/23/2008,1969
10/24/2008,2013
10/25/2008,1433
10/26/2008,3103
10/27/2008,3325
10/28/2008,6680
10/29/2008,2315
10/30/2008,1774
10/31/2008,1551
11/1/2008,1404
11/2/2008,2802
11/3/2008,8397
11/4/2008,3106
11/5/2008,1646
11/6/2008,2904
11/7/2008,2364
11/8/2008,1757
11/9/2008,3072
11/10/2008,6182
11/11/2008,2799
11/12/2008,2133
11/13/2008,1959
11/14/2008,2232
11/15/2008,1424
11/16/2008,3123
11/17/2008,3273
11/18/2008,2362
11/19/2008,1802
11/20/2008,1905
11/21/2008,1803
11/22/2008,1499
11/23/2008,2804
11/24/2008,8593
11/25/2008,3620
11/26/2008,1843
11/27/2008,1903
11/28/2008,2239
11/29/2008,2010
11/30/2008,4910
12/1/2008,3991
12/2/2008,2683
12/3/2008,2417
12/4/2008,2112
12/5/2008,2019
12/6/2008,1865
12/7/2008,3757
12/8/2008,3001
12/9/2008,2588
12/10/2008,2202
12/11/2008,1990
12/12/2008,2289
12/13/2008,1558
12/14/2008,3076
12/15/2008,4422
12/16/2008,2499
12/17/2008,3251
12/18/2008,2372
12/19/2008,5937
12/20/2008,2315
12/21/2008,2866
12/22/2008,5567
12/23/2008,2971
12/24/2008,2040
12/25/2008,1689
12/26/2008,1742
12/27/2008,1718
12/28/2008,3833
12/29/2008,5194
12/30/2008,4088
12/31/2008,4064
1/1/2009,2342
1/2/2009,6689
1/3/2009,9154
1/4/2009,25689
1/5/2009,10592
1/6/2009,4602
1/7/2009,3421
1/8/2009,3118
1/9/2009,3748
1/10/2009,3433
1/11/2009,10053
1/12/2009,6203
1/13/2009,4965
1/14/2009,3308
1/15/2009,2836
1/16/2009,2571
1/17/2009,2114
1/18/2009,3116
1/19/2009,6641
1/20/2009,2514
1/21/2009,2386
1/22/2009,2794
1/23/2009,2148
1/24/2009,1617
1/25/2009,1829
1/26/2009,2129
1/27/2009,2415
1/28/2009,2460
1/29/2009,2502
1/30/2009,2715
1/31/2009,2213
2/1/2009,4806
2/2/2009,9410
2/3/2009,3172
2/4/2009,3186
2/5/2009,3164
2/6/2009,3132
2/7/2009,2350
2/8/2009,3287
2/9/2009,3036
2/10/2009,2032
2/11/2009,2547
2/12/2009,2365
2/13/2009,1864
2/14/2009,1529
2/15/2009,1372
2/16/2009,1663
2/17/2009,1681
2/18/2009,1632
2/19/2009,1800
2/20/2009,1635
2/21/2009,1106
2/22/2009,1234
2/23/2009,1779
2/24/2009,1942
2/25/2009,2097
2/26/2009,1762
2/27/2009,1759
2/28/2009,1355
3/1/2009,1546
3/2/2009,1776
3/3/2009,1654
3/4/2009,1641
3/5/2009,1725
3/6/2009,1675
3/7/2009,1194
3/8/2009,1354
3/9/2009,1566
3/10/2009,1487
3/11/2009,1747
3/12/2009,2615
3/13/2009,1406
3/14/2009,1186
3/15/2009,1368
3/16/2009,1532
3/17/2009,1469
3/18/2009,1479
3/19/2009,1456
3/20/2009,1483
3/21/2009,1167
3/22/2009,1315
3/23/2009,1818
3/24/2009,2630
3/25/2009,1956
3/26/2009,1583
3/27/2009,1418
3/28/2009,1160
3/29/2009,1813
3/30/2009,1708
3/31/2009,1775
4/1/2009,1776
4/2/2009,1843
4/3/2009,2121
4/4/2009,1400
4/5/2009,1384
4/6/2009,1544
4/7/2009,1671
4/8/2009,1794
4/9/2009,1503
4/10/2009,1263
4/11/2009,1107
4/12/2009,1197
4/13/2009,1487
4/14/2009,1595
4/15/2009,1831
4/16/2009,1840
4/17/2009,1594
4/18/2009,1263
4/19/2009,1289
4/20/2009,1781
4/21/2009,1831
4/22/2009,1711
4/23/2009,1762
4/24/2009,2147
4/25/2009,2546
4/26/2009,2763
4/27/2009,2511
4/28/2009,1972
4/29/2009,2059
4/30/2009,2230
5/1/2009,1857
5/2/2009,1331
5/3/2009,1419
5/4/2009,1727
5/5/2009,1775
5/6/2009,1918
5/7/2009,1711
5/8/2009,1537
5/9/2009,1256
5/10/2009,1194
5/11/2009,1440
5/12/2009,1828
5/13/2009,1806
5/14/2009,1710
5/15/2009,1641
5/16/2009,1009
5/17/2009,1072
5/18/2009,1777
5/19/2009,1659
5/20/2009,1591
5/21/2009,1531
5/22/2009,1628
5/23/2009,1137
5/24/2009,967
5/25/2009,1080
5/26/2009,1730
5/27/2009,1799
5/28/2009,1527
5/29/2009,1218
5/30/2009,1090
5/31/2009,1023
6/1/2009,1364
6/2/2009,1765
6/3/2009,1579
6/4/2009,1394
6/5/2009,1494
6/6/2009,1260
6/7/2009,1067
6/8/2009,1324
6/9/2009,1533
6/10/2009,1532
6/11/2009,1690
6/12/2009,1622
6/13/2009,1055
6/14/2009,1121
6/15/2009,1358
6/16/2009,1826
6/17/2009,1523
6/18/2009,1802
6/19/2009,1340
6/20/2009,1193
6/21/2009,1273
6/22/2009,1417
6/23/2009,1337
6/24/2009,1464
6/25/2009,1247
6/26/2009,1191
6/27/2009,918
6/28/2009,1041
6/29/2009,1227
6/30/2009,1339
7/1/2009,1506
7/2/2009,1210
7/3/2009,1147
7/4/2009,1487
7/5/2009,2425
7/6/2009,2454
7/7/2009,1778
7/8/2009,1567
7/9/2009,1821
7/10/2009,1596
7/11/2009,1335
7/12/2009,1371
7/13/2009,1560
7/14/2009,1506
7/15/2009,1710
7/16/2009,1565
7/17/2009,1517
7/18/2009,1359
7/19/2009,1457
7/20/2009,1882
7/21/2009,1763
7/22/2009,2513
7/23/2009,2167
7/24/2009,2275
7/25/2009,1485
7/26/2009,1454
7/27/2009,1782
7/28/2009,2036
7/29/2009,2195
7/30/2009,1881
7/31/2009,1700
8/1/2009,1442
8/2/2009,1565
8/3/2009,2118
8/4/2009,2549
8/5/2009,4309
8/6/2009,3541
8/7/2009,2469
8/8/2009,1949
8/9/2009,2119
8/10/2009,2608
8/11/2009,2395
8/12/2009,2333
8/13/2009,2228
8/14/2009,3667
8/15/2009,2234
8/16/2009,2286
8/17/2009,2886
8/18/2009,4464
8/19/2009,3995
8/20/2009,2938
8/21/2009,5836
8/22/2009,2398
8/23/2009,2409
8/24/2009,2826
8/25/2009,3546
8/26/2009,2464
8/27/2009,2448
8/28/2009,3138
8/29/2009,2902
8/30/2009,2615
8/31/2009,3507
9/1/2009,3103
9/2/2009,2874
9/3/2009,2536
9/4/2009,2733
9/5/2009,2845
9/6/2009,3217
9/7/2009,2929
9/8/2009,3390
9/9/2009,2849
9/10/2009,3328
9/11/2009,3691
9/12/2009,3124
9/13/2009,7512
9/14/2009,5526
9/15/2009,5012
9/16/2009,3024
9/17/2009,3158
9/18/2009,3309
9/19/2009,2963
9/20/2009,4591
9/21/2009,16953
9/22/2009,26370
9/24/2009,4281
9/28/2009,20928
9/29/2009,6368
9/30/2009,3834
10/1/2009,3225
10/2/2009,3546
10/3/2009,2668
10/4/2009,8954
10/5/2009,12168
10/6/2009,9551
10/7/2009,4853
10/8/2009,4589
10/9/2009,3935
10/10/2009,4073
10/11/2009,6569
10/12/2009,29145
10/13/2009,8741
10/17/2009,5998
10/18/2009,8836
10/19/2009,7055
10/20/2009,5138
10/21/2009,4664
10/22/2009,3838
10/23/2009,3327
10/24/2009,3418
10/25/2009,6166
10/26/2009,11881
10/27/2009,5315
10/28/2009,3785
10/29/2009,3369
10/30/2009,3150
10/31/2009,2521
11/1/2009,7314
11/2/2009,6159
11/3/2009,5240
11/4/2009,3711
11/5/2009,3455
11/6/2009,2985
11/7/2009,2415
11/8/2009,6714
11/9/2009,8121
11/10/2009,5394
11/11/2009,3952
11/12/2009,4746
11/13/2009,4889
11/14/2009,4470
11/16/2009,38511
11/17/2009,9178
11/18/2009,6197
11/19/2009,5059
11/20/2009,4940
11/21/2009,3930
11/23/2009,9172
11/24/2009,5356
11/25/2009,4087
11/26/2009,5774
11/27/2009,7523
11/28/2009,4635
11/29/2009,10176
11/30/2009,10559
12/1/2009,10667
12/2/2009,4416
12/3/2009,5352
12/4/2009,4554
12/5/2009,4179
12/6/2009,8602
12/7/2009,10919
12/8/2009,6386
12/9/2009,4952
12/10/2009,4444
12/11/2009,5032
12/12/2009,4357
12/13/2009,8876
12/14/2009,17361
12/15/2009,7552
12/16/2009,5068
12/17/2009,5362
12/18/2009,17995
12/19/2009,5795
12/20/2009,9627
12/21/2009,9911
12/22/2009,11277
12/23/2009,5911
12/24/2009,4927
12/25/2009,3979
12/26/2009,4016
12/27/2009,9537
12/28/2009,14016
12/29/2009,8244
12/30/2009,6535
12/31/2009,4388
1/1/2010,4165
1/2/2010,5095
1/3/2010,6055
1/4/2010,6186
1/5/2010,4340
1/6/2010,4101
1/7/2010,4743
1/8/2010,5417
1/9/2010,7501
1/10/2010,13249
1/11/2010,9998
1/12/2010,5872
1/13/2010,5444
1/14/2010,5511
1/15/2010,5761
1/16/2010,6499
1/17/2010,60351
1/18/2010,17210
1/19/2010,10149
1/20/2010,8248
1/21/2010,7608
1/22/2010,8179
1/25/2010,97155
1/26/2010,28688
1/27/2010,16227
1/28/2010,12587
1/29/2010,11542
1/30/2010,10183
1/31/2010,10981
2/1/2010,28006
2/2/2010,20251
2/3/2010,24625
2/4/2010,19122
2/5/2010,24810
2/6/2010,22039
2/7/2010,72508
2/9/2010,35008
2/10/2010,15585
2/11/2010,9134
2/12/2010,6606
2/13/2010,4668
2/14/2010,3892
2/15/2010,3709
2/16/2010,3799
2/17/2010,3005
2/18/2010,3119
2/19/2010,2776
2/20/2010,2310
2/21/2010,2608
2/22/2010,2812
2/24/2010,4066
2/25/2010,2510
2/26/2010,2627
2/27/2010,2338
2/28/2010,2267
3/1/2010,2381
3/2/2010,2429
3/3/2010,2321
3/4/2010,3191
3/5/2010,6160
3/6/2010,2110
3/7/2010,2005
3/8/2010,2329
3/9/2010,2369
3/10/2010,2062
3/11/2010,1889
3/12/2010,2007
3/13/2010,1967
3/14/2010,1828
3/15/2010,2153
3/16/2010,2237
3/17/2010,2212
3/18/2010,2076
3/19/2010,1925
3/20/2010,1642
3/21/2010,1748
3/22/2010,2023
3/23/2010,2445
3/24/2010,3068
3/25/2010,2276
3/26/2010,2079
3/27/2010,1926
3/28/2010,1784
3/29/2010,1822
3/30/2010,2109
3/31/2010,2024
4/1/2010,1727
4/2/2010,1583
4/3/2010,1725
4/4/2010,1770
4/5/2010,2937
4/6/2010,2494
4/7/2010,2123
4/8/2010,1919
4/9/2010,1952
4/10/2010,1720
4/11/2010,1806
4/12/2010,1837
4/13/2010,2015
4/14/2010,1971
4/15/2010,2166
4/16/2010,2404
4/17/2010,1905
4/18/2010,1996
4/19/2010,2097
4/20/2010,2143
4/21/2010,2580
4/22/2010,3283
4/23/2010,7488
4/24/2010,4441
4/25/2010,2946
4/26/2010,2989
4/27/2010,3207
4/28/2010,2931
4/29/2010,2556
4/30/2010,2408
5/1/2010,1711
5/2/2010,1886
5/3/2010,2085
5/4/2010,2103
5/5/2010,1829
5/6/2010,2158
5/7/2010,2955
5/8/2010,1706
5/9/2010,1610
5/10/2010,2010
5/11/2010,1972
5/12/2010,2041
5/13/2010,1474
5/14/2010,1788
5/15/2010,1441
5/16/2010,1551
5/17/2010,1761
5/18/2010,1565
5/19/2010,1378
5/20/2010,1631
5/21/2010,1764
5/22/2010,1652
5/23/2010,1550
5/24/2010,1649
5/25/2010,1610
5/26/2010,1605
5/27/2010,1348
5/28/2010,1204
5/29/2010,1224
5/30/2010,1159
5/31/2010,1232
6/1/2010,1329
6/2/2010,1407
6/3/2010,1668
6/4/2010,1924
6/5/2010,1691
6/6/2010,1459
6/7/2010,2795
6/8/2010,8263
6/9/2010,1374
6/10/2010,1127
6/11/2010,897
6/12/2010,232
6/13/2010,205
6/14/2010,193
6/15/2010,548
6/16/2010,775
6/17/2010,1366
6/18/2010,1617
6/19/2010,1260
6/20/2010,1145
6/21/2010,1348
6/22/2010,1130
6/23/2010,1105
6/24/2010,1011
6/25/2010,977
6/27/2010,463
6/29/2010,1348
6/30/2010,1258
7/1/2010,1158
7/2/2010,1227
7/3/2010,1019
7/4/2010,911
7/6/2010,1564
7/11/2010,1251
7/12/2010,1185
7/13/2010,1397
7/14/2010,1404
7/15/2010,2093
7/16/2010,1731
7/17/2010,1495
7/18/2010,1391
7/19/2010,1444
7/20/2010,1753
7/21/2010,1721
7/22/2010,3386
7/23/2010,2380
7/24/2010,1847
7/25/2010,1900
7/26/2010,2835
7/27/2010,2435
7/28/2010,2440
7/29/2010,2698
7/30/2010,2587
7/31/2010,2812
8/1/2010,2146
8/2/2010,3413
8/3/2010,5930
8/4/2010,4690
8/5/2010,3180
8/6/2010,3009
8/7/2010,2637
8/8/2010,2579
8/9/2010,3432
8/10/2010,2755
8/11/2010,2895
8/12/2010,2879
8/13/2010,3411
8/14/2010,2437
8/15/2010,4055
8/16/2010,3947
8/17/2010,6276
8/18/2010,5385
8/19/2010,4631
8/20/2010,4963
8/21/2010,4252
8/22/2010,3948
8/23/2010,4631
8/24/2010,4080
8/25/2010,3232
8/26/2010,3590
8/27/2010,7022
8/28/2010,3207
8/29/2010,3434
8/30/2010,3597
8/31/2010,3345
9/1/2010,3495
9/2/2010,3657
9/3/2010,3964
9/4/2010,3238
9/5/2010,3811
9/6/2010,3722
9/7/2010,4681
9/8/2010,5177
9/9/2010,5570
9/10/2010,9246
9/11/2010,4188
9/12/2010,19268
9/13/2010,10623
9/14/2010,6450
9/15/2010,4889
9/16/2010,5521
9/17/2010,7691
9/18/2010,8741
9/19/2010,13366
9/20/2010,91684
9/21/2010,10889
9/22/2010,5526
9/23/2010,4803
9/24/2010,4137
9/25/2010,4039
9/26/2010,11276
9/27/2010,12285
9/28/2010,7502
9/29/2010,4656
9/30/2010,4069
10/1/2010,3907
10/2/2010,3647
10/3/2010,8183
10/4/2010,11038
10/5/2010,9214
10/6/2010,4663
10/7/2010,3844
10/8/2010,4125
10/9/2010,3304
10/10/2010,9505
10/11/2010,6982
10/12/2010,13913
10/13/2010,4868
10/14/2010,5243
10/15/2010,4240
10/16/2010,3309
10/17/2010,9446
10/18/2010,23749
10/19/2010,6112
10/20/2010,4208
10/21/2010,3878
10/22/2010,3851
10/23/2010,3007
10/24/2010,5063
10/25/2010,7054
10/26/2010,17839
10/27/2010,4916
10/28/2010,4472
10/29/2010,7663
10/30/2010,7091
10/31/2010,8222
11/1/2010,9229
11/2/2010,28184
11/3/2010,5376
11/4/2010,5714
11/5/2010,6511
11/6/2010,4159
11/7/2010,8670
11/8/2010,13675
11/9/2010,6063
11/10/2010,4320
11/11/2010,4349
11/12/2010,4449
11/13/2010,3579
11/14/2010,7151
11/15/2010,10000
11/16/2010,6091
11/17/2010,4095
11/18/2010,5215
11/19/2010,5457
11/20/2010,6209
11/21/2010,13913
11/22/2010,25892
11/23/2010,6746
11/24/2010,4081
11/25/2010,6067
11/26/2010,6271
11/27/2010,4413
11/28/2010,10206
11/29/2010,28456
11/30/2010,7434
12/1/2010,5712
12/2/2010,4403
12/3/2010,4061
12/4/2010,3723
12/5/2010,10747
12/6/2010,20386
12/7/2010,9594
12/8/2010,6300
12/9/2010,6735
12/10/2010,17384
12/11/2010,5265
12/12/2010,7526
12/13/2010,9218
12/14/2010,16640
12/15/2010,6511
12/16/2010,4858
12/17/2010,5097
12/18/2010,3443
12/19/2010,9015
12/20/2010,9097
12/21/2010,16062
12/22/2010,6635
12/23/2010,5154
12/24/2010,4114
12/25/2010,3279
12/26/2010,7506
12/27/2010,11846
12/28/2010,7356
12/29/2010,7155
12/30/2010,4635
12/31/2010,5414
1/1/2011,8182
1/2/2011,12076
1/3/2011,21893
1/4/2011,8617
1/5/2011,7873
1/6/2011,7684
1/7/2011,9769
1/8/2011,8938
1/9/2011,53003
1/10/2011,11881
1/11/2011,9887
1/12/2011,5548
1/13/2011,5504
1/14/2011,5974
1/15/2011,6126
1/16/2011,13364
1/17/2011,11471
1/18/2011,6527
1/19/2011,6016
1/20/2011,5897
1/21/2011,4835
1/22/2011,4488
1/23/2011,7888
1/24/2011,14049
1/25/2011,6544
1/26/2011,5476
1/27/2011,4890
1/28/2011,4669
1/29/2011,3611
1/30/2011,4363
1/31/2011,8725
2/1/2011,4256
2/2/2011,4224
2/3/2011,5090
2/4/2011,4605
2/5/2011,5092
2/6/2011,8036
2/7/2011,17626
2/8/2011,5647
2/9/2011,3957
2/10/2011,3918
2/11/2011,3495
2/12/2011,2734
2/13/2011,2542
2/14/2011,3056
2/15/2011,2897
2/16/2011,4807
2/17/2011,2858
2/18/2011,3052
2/19/2011,1899
2/20/2011,1844
2/21/2011,2622
2/22/2011,2168
2/23/2011,2281
2/24/2011,2398
2/25/2011,2114
2/26/2011,1778
2/27/2011,1996
2/28/2011,2407
3/1/2011,2323
3/2/2011,2356
3/3/2011,2219
3/4/2011,2119
3/5/2011,1552
3/6/2011,1890
3/7/2011,2315
3/8/2011,2184
3/9/2011,2370
3/10/2011,2022
3/11/2011,1786
3/12/2011,1915
3/13/2011,1936
3/14/2011,1855
3/15/2011,2126
3/16/2011,1663
3/17/2011,1709
3/18/2011,1505
3/19/2011,1306
3/20/2011,1405
3/21/2011,1659
3/22/2011,1862
3/23/2011,2079
3/24/2011,3904
3/25/2011,4152
3/26/2011,2403
3/27/2011,1774
3/28/2011,1974
3/29/2011,2147
3/30/2011,1993
3/31/2011,2159
4/1/2011,1780
4/2/2011,1424
4/3/2011,1623
4/4/2011,1683
4/5/2011,1915
4/6/2011,1788
4/7/2011,1681
4/8/2011,3697
4/9/2011,4884
4/10/2011,3440
4/11/2011,3367
4/12/2011,3670
4/13/2011,5013
4/14/2011,5296
4/15/2011,3127
4/16/2011,1786
4/17/2011,1932
4/18/2011,2974
4/19/2011,3006
4/20/2011,2738
4/21/2011,2645
4/22/2011,2563
4/23/2011,1823
4/24/2011,2123
4/25/2011,3064
4/26/2011,3296
4/27/2011,3572
4/28/2011,4161
4/29/2011,5659
4/30/2011,4737
5/1/2011,3017
5/2/2011,2430
5/3/2011,2221
5/4/2011,2389
5/5/2011,2471
5/6/2011,1923
5/7/2011,1427
5/8/2011,1565
5/9/2011,1763
5/10/2011,1871
5/11/2011,2059
5/12/2011,2051
5/13/2011,1711
5/14/2011,1236
5/15/2011,1588
5/16/2011,1884
5/17/2011,1833
5/18/2011,1979
5/19/2011,1897
5/20/2011,1585
5/21/2011,1228
5/22/2011,1390
5/23/2011,1785
5/24/2011,2023
5/25/2011,3704
5/26/2011,2136
5/27/2011,1520
5/28/2011,1204
5/29/2011,1261
5/30/2011,1642
5/31/2011,1679
6/1/2011,1699
6/2/2011,1907
6/3/2011,1513
6/4/2011,1216
6/5/2011,1225
6/6/2011,1776
6/7/2011,1893
6/8/2011,1522
6/9/2011,1366
6/10/2011,1577
6/11/2011,1324
6/12/2011,1409
6/13/2011,1720
6/14/2011,1336
6/15/2011,1668
6/16/2011,1603
6/17/2011,1641
6/18/2011,1837
6/19/2011,2074
6/20/2011,1856
6/21/2011,1508
6/22/2011,1607
6/23/2011,2321
6/24/2011,2156
6/25/2011,1431
6/26/2011,1965
6/27/2011,1933
6/28/2011,1920
6/29/2011,2065
6/30/2011,1809
7/1/2011,1675
7/2/2011,1620
7/3/2011,1353
7/4/2011,2823
7/5/2011,1998
7/6/2011,1925
7/7/2011,2022
7/8/2011,8103
7/9/2011,6235
7/10/2011,3897
7/11/2011,2390
7/12/2011,1956
7/13/2011,2009
7/14/2011,3991
7/15/2011,2034
7/16/2011,1570
7/17/2011,2179
7/18/2011,2330
7/19/2011,2390
7/20/2011,3156
7/21/2011,2693
7/22/2011,2434
7/23/2011,1836
7/24/2011,1777
7/25/2011,2662
7/26/2011,4435
7/27/2011,3896
7/28/2011,3775
7/29/2011,4398
7/30/2011,8768
7/31/2011,15260
8/1/2011,7691
8/2/2011,5112
8/3/2011,4221
8/4/2011,4127
8/5/2011,3849
8/6/2011,3285
8/7/2011,3415
8/8/2011,3038
8/9/2011,3249
8/10/2011,3406
8/11/2011,3133
8/12/2011,3607
8/13/2011,3113
8/14/2011,4620
8/15/2011,3319
8/16/2011,3529
8/17/2011,3550
8/18/2011,3989
8/19/2011,4048
8/20/2011,4551
8/21/2011,6350
8/22/2011,6160
8/23/2011,6048
8/24/2011,4968
8/25/2011,6016
8/26/2011,5327
8/27/2011,10152
8/28/2011,4497
8/29/2011,4684
8/30/2011,6450
8/31/2011,3785
9/1/2011,3488
9/3/2011,3100
9/4/2011,3356
9/5/2011,9756
9/6/2011,9437
9/7/2011,8318
9/8/2011,17022
9/9/2011,23929
9/10/2011,9055
9/11/2011,16963
9/12/2011,14987
9/13/2011,11476
9/14/2011,5189
9/15/2011,4673
9/16/2011,4585
9/17/2011,5461
9/18/2011,10096
9/19/2011,13370
9/20/2011,13661
9/21/2011,4812
9/22/2011,3958
9/23/2011,3901
9/24/2011,3957
9/25/2011,8351
9/26/2011,28355
9/27/2011,9572
9/28/2011,3926
9/29/2011,4216
9/30/2011,4544
10/1/2011,3621
10/2/2011,7170
10/3/2011,8056
10/4/2011,14140
10/5/2011,4512
10/6/2011,4070
10/7/2011,4297
10/8/2011,3460
10/9/2011,7850
10/10/2011,7210
10/11/2011,6030
10/12/2011,3763
10/13/2011,3544
10/14/2011,3410
10/15/2011,6866
10/16/2011,8864
10/17/2011,8191
10/18/2011,6109
10/19/2011,4546
10/21/2011,3667
10/22/2011,3149
10/23/2011,6847
10/24/2011,26443
10/25/2011,6700
10/26/2011,6375
10/27/2011,7223
10/28/2011,5227
10/29/2011,3826
10/30/2011,11575
10/31/2011,9205
11/1/2011,6575
11/2/2011,5730
11/3/2011,6269
11/4/2011,7097
11/5/2011,4629
11/6/2011,11798
11/7/2011,17001
11/8/2011,6879
11/9/2011,4727
11/10/2011,3701
11/11/2011,3746
11/12/2011,3125
11/13/2011,8711
11/14/2011,12934
11/15/2011,7996
11/16/2011,4625
11/17/2011,4555
11/18/2011,5367
11/19/2011,3843
11/20/2011,6280
11/21/2011,13295
11/22/2011,6153
11/23/2011,4271
11/24/2011,6398
11/25/2011,6173
11/26/2011,4383
11/27/2011,11082
11/28/2011,11006
11/29/2011,18897
11/30/2011,6613
12/1/2011,5688
12/2/2011,7630
12/3/2011,6931
12/4/2011,16326
12/5/2011,13893
12/6/2011,7393
12/7/2011,8282
12/8/2011,9042
12/9/2011,7127
12/10/2011,4369
12/11/2011,10222
12/12/2011,19013
12/13/2011,6954
12/14/2011,5082
12/15/2011,5367
12/16/2011,4844
12/17/2011,3604
12/18/2011,13318
12/19/2011,12872
12/20/2011,6929
12/21/2011,4286
12/22/2011,5463
12/23/2011,725
12/26/2011,2071
12/27/2011,10392
12/28/2011,7192
12/29/2011,5980
12/30/2011,4693
12/31/2011,3445
1/1/2012,8746
1/2/2012,28133
1/3/2012,19116
1/4/2012,9775
1/5/2012,6390
1/6/2012,4923
1/7/2012,5740
1/8/2012,22900
1/9/2012,12892
1/10/2012,7888
1/11/2012,7751
1/12/2012,7476
1/13/2012,6163
1/14/2012,6243
1/15/2012,28623
1/16/2012,38929
1/17/2012,14203
1/18/2012,14824
1/19/2012,24007
1/20/2012,16788
1/21/2012,12235
1/22/2012,18837
1/23/2012,106104
1/24/2012,29194
1/25/2012,26102
1/26/2012,16041
1/27/2012,19841
1/28/2012,11805
1/29/2012,14504
1/30/2012,30991
1/31/2012,30760
2/1/2012,27398
2/2/2012,16883
2/3/2012,26568
2/4/2012,19704
2/5/2012,64543
2/6/2012,319190
2/7/2012,55531
2/8/2012,26411
2/9/2012,19214
2/10/2012,20450
2/11/2012,12107
2/12/2012,11321
2/13/2012,9391
2/14/2012,7435
2/15/2012,9703
2/16/2012,8580
2/17/2012,6080
2/18/2012,4461
2/19/2012,4003
2/20/2012,9099
2/21/2012,7720
2/22/2012,4236
2/23/2012,5732
2/24/2012,5670
2/25/2012,6101
2/26/2012,4294
2/27/2012,4332
2/28/2012,5000
2/29/2012,4098
3/1/2012,4427
3/2/2012,4117
3/3/2012,3811
3/4/2012,5608
3/5/2012,4067
3/6/2012,4596
3/7/2012,114100
3/8/2012,86102
3/9/2012,44044
3/10/2012,30773
3/11/2012,21722
3/12/2012,29205
3/13/2012,26752
3/14/2012,24233
3/15/2012,25511
3/16/2012,25359
3/17/2012,27161
3/18/2012,22781
3/19/2012,65045
3/20/2012,71288
3/21/2012,48016
3/22/2012,20900
3/23/2012,11802
3/24/2012,8085
3/25/2012,6856
3/26/2012,7319
3/27/2012,6404
3/28/2012,5121
3/29/2012,4430
3/30/2012,4074
3/31/2012,4193
4/1/2012,3395
4/2/2012,4265
4/3/2012,4254
4/4/2012,3575
4/5/2012,3326
4/6/2012,3180
4/7/2012,2498
4/8/2012,2578
4/9/2012,3300
4/10/2012,3263
4/11/2012,2951
4/12/2012,3291
4/13/2012,5732
4/14/2012,3106
4/15/2012,3133
4/16/2012,3720
4/17/2012,3536
4/18/2012,4169
4/19/2012,3853
4/20/2012,3158
4/21/2012,2226
4/22/2012,2744
4/23/2012,3867
4/24/2012,3976
4/25/2012,4310
4/26/2012,5617
4/27/2012,10641
4/28/2012,5858
4/29/2012,4834
5/1/2012,3540
5/2/2012,3665
5/3/2012,3601
5/4/2012,3074
5/5/2012,3149
5/6/2012,9463
5/7/2012,6859
5/8/2012,4229
5/9/2012,3581
5/10/2012,2854
5/11/2012,2616
5/12/2012,2229
5/13/2012,2488
5/14/2012,2521
5/15/2012,2662
5/16/2012,3096
5/17/2012,2843
5/18/2012,2363
5/19/2012,1769
5/20/2012,1880
5/21/2012,2975
5/22/2012,4063
5/23/2012,3068
5/24/2012,2417
5/25/2012,2349
5/26/2012,1766
5/27/2012,2079
5/28/2012,2113
5/29/2012,2489
5/30/2012,2474
5/31/2012,2953
6/1/2012,2472
6/2/2012,2117
6/3/2012,2196
6/4/2012,2544
6/5/2012,2789
6/6/2012,2103
6/7/2012,2261
6/8/2012,2644
6/9/2012,2810
6/10/2012,2342
6/11/2012,2066
6/12/2012,2562
6/13/2012,2690
6/14/2012,2258
6/15/2012,2236
6/16/2012,1881
6/17/2012,2729
6/18/2012,2444
6/19/2012,4453
6/20/2012,3574
6/21/2012,2599
6/22/2012,2763
6/23/2012,1933
6/24/2012,1843
6/25/2012,2098
6/26/2012,2370
6/27/2012,2018
6/28/2012,1982
6/29/2012,1880
6/30/2012,1549
7/1/2012,1743
7/2/2012,1835
7/3/2012,2085
7/4/2012,2156
7/5/2012,1916
7/6/2012,2184
7/7/2012,2011
7/8/2012,1963
7/9/2012,2303
7/10/2012,2398
7/11/2012,3000
7/12/2012,5716
7/13/2012,4463
7/14/2012,4381
7/15/2012,3066
7/16/2012,2858
7/17/2012,2967
7/18/2012,2958
7/19/2012,2796
7/20/2012,2945
7/21/2012,2401
7/22/2012,2462
7/23/2012,3144
7/24/2012,2910
7/25/2012,3369
7/26/2012,5218
7/27/2012,7536
7/28/2012,3967
7/29/2012,3960
7/30/2012,3510
7/31/2012,2736
8/1/2012,2603
8/2/2012,3204
8/3/2012,3230
8/4/2012,3364
8/5/2012,3338
8/6/2012,3444
8/7/2012,3180
8/8/2012,2821
8/9/2012,3795
8/10/2012,8163
8/11/2012,5781
8/12/2012,6638
8/13/2012,4334
8/14/2012,5240
8/15/2012,4378
8/16/2012,3383
8/17/2012,4406
8/18/2012,4168
8/19/2012,7539
8/20/2012,8168
8/21/2012,4351
8/22/2012,3653
8/23/2012,4384
8/24/2012,4069
8/25/2012,6257
8/26/2012,12619
8/27/2012,9376
8/28/2012,5375
8/29/2012,4745
8/30/2012,4298
8/31/2012,5247
9/1/2012,4781
9/2/2012,7836
9/3/2012,5219
9/4/2012,4765
9/5/2012,6272
9/6/2012,22333
9/7/2012,5950
9/8/2012,6509
9/9/2012,18751
9/10/2012,110740
9/11/2012,15194
9/12/2012,6522
9/13/2012,5891
9/14/2012,8111
9/15/2012,6287
9/16/2012,18165
9/17/2012,14953
9/18/2012,39819
9/19/2012,6345
9/20/2012,5222
9/21/2012,12151
9/22/2012,4713
9/23/2012,14039
9/24/2012,14854
9/25/2012,5868
9/26/2012,3537
9/27/2012,3795
9/28/2012,4969
9/29/2012,4120
9/30/2012,10501
10/1/2012,18952
10/2/2012,6858
10/3/2012,4904
10/4/2012,5620
10/5/2012,8453
10/6/2012,5167
10/7/2012,18363
10/8/2012,19972
10/9/2012,7453
10/10/2012,4155
10/11/2012,3777
10/12/2012,4455
10/13/2012,3796
10/14/2012,8397
10/15/2012,8992
10/16/2012,50622
10/17/2012,6495
10/18/2012,4818
10/19/2012,4863
10/20/2012,3830
10/21/2012,13953
10/22/2012,8930
10/23/2012,5822
10/24/2012,4227
10/25/2012,4191
10/26/2012,4889
10/27/2012,5081
10/28/2012,10095
10/29/2012,34348
10/30/2012,7165
10/31/2012,5895
11/1/2012,4906
11/2/2012,5263
11/3/2012,4716
11/4/2012,16617
11/5/2012,16107
11/6/2012,6837
11/7/2012,4394
11/8/2012,4907
11/9/2012,6955
11/10/2012,3948
11/11/2012,10561
11/12/2012,9061
11/13/2012,6044
11/14/2012,4154
11/15/2012,4301
11/16/2012,3932
11/17/2012,3393
11/18/2012,9693
11/19/2012,16084
11/20/2012,5740
11/21/2012,4002
11/22/2012,5723
11/23/2012,7553
11/24/2012,4429
11/25/2012,12933
11/26/2012,19728
11/27/2012,6969
11/28/2012,5510
11/29/2012,4825
11/30/2012,6305
12/1/2012,5731
12/2/2012,11479
12/3/2012,15944
12/4/2012,15412
12/5/2012,6179
12/6/2012,6496
12/7/2012,21175
12/8/2012,6234
12/9/2012,10432
12/10/2012,10575
12/11/2012,12423
12/12/2012,6588
12/13/2012,6021
12/14/2012,4626
12/15/2012,3988
12/16/2012,11084
12/17/2012,11475
12/18/2012,6578
12/19/2012,5009
12/20/2012,4505
12/21/2012,4011
12/22/2012,3687
12/23/2012,10473
12/24/2012,15557
12/25/2012,5639
12/26/2012,5474
12/27/2012,7827
12/28/2012,5906
12/29/2012,5078
12/30/2012,13229
12/31/2012,25409
1/1/2013,9060
1/2/2013,8822
1/3/2013,8562
1/4/2013,11342
1/5/2013,10297
1/6/2013,25153
1/7/2013,13243
1/8/2013,9066
1/9/2013,8635
1/10/2013,7887
1/11/2013,9372
1/12/2013,37868
1/13/2013,99461
1/14/2013,26720
1/15/2013,10721
1/16/2013,6949
1/17/2013,6202
1/18/2013,5739
1/19/2013,4696
1/20/2013,7814
1/21/2013,22496
1/22/2013,8149
1/23/2013,7051
1/24/2013,5352
1/25/2013,5096
1/26/2013,4715
1/27/2013,5087
1/28/2013,24446
1/29/2013,5714
1/30/2013,4975
1/31/2013,4844
2/1/2013,5313
2/2/2013,5166
2/3/2013,14857
2/4/2013,22611
2/5/2013,7117
2/6/2013,5054
2/7/2013,4374
2/8/2013,3644
2/9/2013,3271
2/10/2013,3099
2/11/2013,3250
2/12/2013,3092
2/13/2013,2908
2/14/2013,2547
2/15/2013,2680
2/16/2013,2484
2/17/2013,2497
2/18/2013,2885
2/19/2013,3001
2/20/2013,2728
2/21/2013,2570
2/22/2013,2623
2/23/2013,2330
2/24/2013,2171
2/25/2013,2550
2/26/2013,3610
2/27/2013,2917
2/28/2013,2761
3/1/2013,2621
3/2/2013,2307
3/3/2013,2389
3/4/2013,2528
3/5/2013,2536
3/6/2013,2556
3/7/2013,2753
3/8/2013,2340
3/9/2013,1971
3/10/2013,1835
3/11/2013,2340
3/12/2013,2449
3/13/2013,3226
3/14/2013,4362
3/15/2013,3179
3/16/2013,2573
3/17/2013,2708
3/18/2013,2552
3/19/2013,2669
3/20/2013,3735
3/21/2013,5119
3/22/2013,3039
3/23/2013,2518
3/24/2013,4597
3/25/2013,3282
3/26/2013,2608
3/27/2013,2390
3/28/2013,2377
3/29/2013,2375
3/30/2013,2364
3/31/2013,1774
4/1/2013,2307
4/2/2013,1991
4/3/2013,2166
4/4/2013,1879
4/5/2013,1720
4/6/2013,1708
4/7/2013,1898
4/8/2013,2081
4/9/2013,2157
4/10/2013,1934
4/11/2013,3219
4/12/2013,2211
4/13/2013,1585
4/14/2013,1582
4/15/2013,1784
4/16/2013,1947
4/17/2013,1937
4/18/2013,2079
4/19/2013,2574
4/20/2013,1498
4/21/2013,1875
4/22/2013,2170
4/23/2013,2280
4/24/2013,3017
4/25/2013,2923
4/26/2013,3538
4/27/2013,2916
4/28/2013,2428
4/29/2013,4041
4/30/2013,3154
5/1/2013,2387
5/2/2013,3748
5/3/2013,2699
5/4/2013,1740
5/5/2013,1899
5/6/2013,2482
5/7/2013,2258
5/8/2013,2243
5/9/2013,2267
5/10/2013,1962
5/11/2013,1430
5/12/2013,1482
5/13/2013,1762
5/14/2013,1976
5/15/2013,2020
5/16/2013,2096
5/17/2013,2002
5/18/2013,1414
5/19/2013,1313
5/20/2013,1599
5/21/2013,1949
5/22/2013,1821
5/23/2013,1970
5/24/2013,1648
5/25/2013,1131
5/26/2013,1275
5/27/2013,1414
5/28/2013,1721
5/29/2013,1903
5/30/2013,2025
5/31/2013,1681
6/1/2013,1557
6/2/2013,1463
6/3/2013,1694
6/4/2013,1877
6/5/2013,1560
6/6/2013,1454
6/7/2013,1485
6/8/2013,1471
6/9/2013,1380
6/10/2013,1949
6/11/2013,2905
6/12/2013,2030
6/13/2013,1762
6/14/2013,1532
6/15/2013,1509
6/16/2013,1644
6/17/2013,1677
6/18/2013,1755
6/19/2013,1584
6/20/2013,1457
6/21/2013,1519
6/22/2013,1467
6/23/2013,1328
6/24/2013,1465
6/25/2013,1529
6/26/2013,1629
6/27/2013,1934
6/28/2013,2041
6/29/2013,1435
6/30/2013,1436
7/1/2013,1492
7/2/2013,1453
7/3/2013,1512
7/4/2013,1830
7/5/2013,1809
7/6/2013,1228
7/7/2013,1264
7/8/2013,1516
7/9/2013,1684
7/10/2013,1861
7/11/2013,1669
7/12/2013,1760
7/13/2013,1537
7/14/2013,1563
7/15/2013,1964
7/16/2013,2051
7/17/2013,2344
7/18/2013,2809
7/19/2013,1980
7/20/2013,1666
7/21/2013,1655
7/22/2013,1994
7/24/2013,762
7/25/2013,2095
7/26/2013,2509
7/27/2013,2067
7/28/2013,5066
7/29/2013,5062
7/30/2013,2569
7/31/2013,2430
8/1/2013,1963
8/2/2013,1701
8/3/2013,2077
8/4/2013,1858
8/5/2013,2264
8/6/2013,2734
8/7/2013,5765
8/8/2013,4007
8/9/2013,3403
8/10/2013,2767
8/11/2013,2511
8/12/2013,2551
8/13/2013,2385
8/14/2013,2361
8/15/2013,2416
8/16/2013,2195
8/17/2013,2243
8/18/2013,3473
8/19/2013,3839
8/20/2013,2811
8/21/2013,2464
8/22/2013,2488
8/23/2013,2471
8/24/2013,1892
8/25/2013,4790
8/26/2013,2421
8/27/2013,2139
8/28/2013,2454
8/29/2013,2885
8/30/2013,2964
8/31/2013,2464
9/1/2013,6022
9/2/2013,2885
9/3/2013,3282
9/4/2013,3096
9/5/2013,5325
9/6/2013,52673
9/7/2013,9823
9/8/2013,9421
9/9/2013,18457
9/10/2013,6431
9/11/2013,4957
9/12/2013,6184
9/13/2013,7491
9/14/2013,5064
9/15/2013,33389
9/16/2013,30853
9/17/2013,9381
9/18/2013,4958
9/19/2013,4386
9/20/2013,4277
9/21/2013,3394
9/22/2013,6198
9/23/2013,6222
9/24/2013,49996
9/25/2013,42578
9/26/2013,18948
9/27/2013,7246
9/28/2013,7538
9/29/2013,15794
9/30/2013,25939
10/1/2013,11361
10/2/2013,9674
10/3/2013,7180
10/4/2013,5317
10/5/2013,6186
10/6/2013,21022
10/7/2013,27966
10/8/2013,9928
10/9/2013,6293
10/10/2013,6474
10/11/2013,9995
10/12/2013,5055
10/13/2013,8584
10/14/2013,12369
10/15/2013,8343
10/16/2013,8935
10/17/2013,12684
10/18/2013,9068
10/19/2013,6652
10/20/2013,9981
10/21/2013,62761
10/22/2013,11244
10/23/2013,5877
10/24/2013,5306
10/25/2013,4610
10/26/2013,3605
10/27/2013,8608
10/28/2013,10618
10/29/2013,4923
10/30/2013,3595
10/31/2013,3281
11/1/2013,3113
11/2/2013,2843
11/3/2013,4443
11/4/2013,6575
11/5/2013,4036
11/6/2013,3358
11/7/2013,3753
11/8/2013,3490
11/9/2013,2513
11/10/2013,5292
11/11/2013,14933
11/12/2013,7509
11/13/2013,4296
11/14/2013,4072
11/15/2013,5605
11/16/2013,4693
11/17/2013,7375
11/18/2013,52443
11/19/2013,9463
11/20/2013,4626
11/21/2013,4645
11/22/2013,5285
11/23/2013,4326
11/24/2013,6223
11/25/2013,32484
11/26/2013,6056
11/27/2013,3624
11/28/2013,3720
11/29/2013,3925
11/30/2013,3533
12/1/2013,6784
12/2/2013,18132
12/3/2013,11957
12/4/2013,7953
12/5/2013,5320
12/6/2013,4855
12/7/2013,6136
12/8/2013,7467
12/9/2013,15547
12/10/2013,7078
12/11/2013,4961
12/12/2013,5607
12/13/2013,9924
12/14/2013,7360
12/15/2013,8321
12/16/2013,10277
12/17/2013,7296
12/18/2013,5670
12/19/2013,3394
12/20/2013,3991
12/21/2013,3288
12/22/2013,13613
12/23/2013,20024
12/24/2013,7611
12/25/2013,5318
12/26/2013,6099
12/27/2013,4861
12/28/2013,4943
12/29/2013,10939
12/30/2013,25493
12/31/2013,9673
1/1/2014,6875
1/2/2014,6856
1/3/2014,7503
1/4/2014,7283
1/5/2014,5446
1/7/2014,8034
1/8/2014,6680
1/9/2014,7003
1/10/2014,7563
1/11/2014,6994
1/12/2014,44060
1/13/2014,81435
1/14/2014,18722
1/15/2014,14840
1/16/2014,17075
1/17/2014,15925
1/18/2014,12515
1/19/2014,99074
1/20/2014,159019
1/21/2014,37895
1/22/2014,22121
1/23/2014,16862
1/24/2014,19273
1/25/2014,11742
1/26/2014,13234
1/27/2014,25315
1/28/2014,22023
1/29/2014,22759
1/30/2014,32221
1/31/2014,34650
2/1/2014,28005
2/2/2014,128094
2/3/2014,379552
2/4/2014,47424
2/5/2014,18868
2/6/2014,10833
2/7/2014,8985
2/8/2014,6606
2/9/2014,5560
2/10/2014,4529
2/11/2014,4068
2/12/2014,3775
2/13/2014,3399
2/14/2014,2773
2/15/2014,2343
2/16/2014,2268
2/17/2014,2528
2/18/2014,2655
2/19/2014,2737
2/20/2014,2767
2/21/2014,2329
2/22/2014,1824
2/23/2014,1915
2/24/2014,2447
2/25/2014,2173
2/26/2014,2935
2/27/2014,2570
2/28/2014,2175
3/1/2014,1537
3/2/2014,1642
3/3/2014,2612
3/4/2014,2693
3/5/2014,1967
3/6/2014,2240
3/7/2014,2669
3/8/2014,1519
3/9/2014,1788
3/10/2014,1908
3/11/2014,2143
3/12/2014,2946
3/13/2014,2994
3/14/2014,2103
3/15/2014,1784
3/16/2014,1719
3/17/2014,1989
3/18/2014,2018
3/19/2014,1897
3/20/2014,2034
3/21/2014,1989
3/22/2014,1551
3/23/2014,1638
3/24/2014,3272
3/25/2014,2762
3/26/2014,2188
3/27/2014,4624
3/28/2014,2398
3/29/2014,1493
3/30/2014,1425
3/31/2014,1698
4/1/2014,1882
4/2/2014,1969
4/3/2014,2016
4/4/2014,1745
4/5/2014,1283
4/6/2014,1786
4/7/2014,1718
4/8/2014,1755
4/9/2014,1696
4/10/2014,1848
4/11/2014,1653
4/12/2014,1282
4/13/2014,1259
4/14/2014,1576
4/15/2014,1839
4/16/2014,2033
4/17/2014,1800
4/18/2014,1623
4/19/2014,1306
4/20/2014,3266
4/21/2014,1836
4/22/2014,2555
4/23/2014,2189
4/24/2014,2527
4/25/2014,2159
4/26/2014,1406
4/27/2014,1640
4/28/2014,2196
4/29/2014,2505
4/30/2014,2022
5/1/2014,1833
5/2/2014,2156
5/3/2014,1395
5/4/2014,2112
5/5/2014,3427
5/6/2014,4337
5/7/2014,2702
5/8/2014,3053
5/9/2014,6312
5/10/2014,3235
5/11/2014,2218
5/12/2014,2613
5/13/2014,2489
5/14/2014,2347
5/15/2014,2137
5/16/2014,2068
5/17/2014,1558
5/18/2014,1977
5/19/2014,2725
5/20/2014,2578
5/21/2014,2094
5/22/2014,1793
5/23/2014,1851
5/24/2014,1136
5/25/2014,1171
5/26/2014,1380
5/27/2014,1823
5/28/2014,4071
5/29/2014,3023
5/30/2014,1803
5/31/2014,2519
6/1/2014,1276
6/2/2014,1654
6/3/2014,2061
6/4/2014,1765
6/5/2014,1975
6/6/2014,1403
6/7/2014,1216
6/8/2014,1217
6/9/2014,1330
6/10/2014,1638
6/11/2014,1702
6/12/2014,2226
6/13/2014,1557
6/14/2014,1514
6/15/2014,1459
6/16/2014,1584
6/17/2014,1433
6/18/2014,1373
6/19/2014,1370
6/20/2014,1559
6/21/2014,1070
6/22/2014,1145
6/23/2014,1774
6/24/2014,1344
6/25/2014,1372
6/26/2014,1228
6/27/2014,1187
6/28/2014,978
6/29/2014,967
6/30/2014,2260
7/1/2014,1802
7/2/2014,1372
7/3/2014,1440
7/4/2014,1187
7/5/2014,948
7/6/2014,1023
7/7/2014,1282
7/8/2014,1502
7/9/2014,1376
7/10/2014,2115
7/11/2014,1882
7/12/2014,1353
7/13/2014,1408
7/14/2014,1472
7/15/2014,1843
7/16/2014,1673
7/17/2014,3728
7/18/2014,1795
7/19/2014,1373
7/20/2014,1417
7/21/2014,1718
7/22/2014,2112
7/23/2014,2146
7/24/2014,2763
7/25/2014,2443
7/26/2014,1731
7/27/2014,1576
7/28/2014,3689
7/29/2014,3776
7/30/2014,2756
7/31/2014,2310
8/1/2014,1955
8/2/2014,1933
8/3/2014,2118
8/4/2014,3908
8/5/2014,2448
8/6/2014,2044
8/7/2014,2209
8/8/2014,3161
8/9/2014,2082
8/10/2014,2531
8/11/2014,4331
8/12/2014,5483
8/13/2014,3559
8/14/2014,3093
8/15/2014,2845
8/16/2014,2404
8/17/2014,3209
8/18/2014,3946
8/19/2014,3638
8/20/2014,2982
8/21/2014,2663
8/22/2014,2533
8/23/2014,2921
8/24/2014,5006
8/25/2014,4257
8/26/2014,2786
8/27/2014,2532
8/29/2014,5101
8/30/2014,3061
8/31/2014,2901
9/1/2014,4335
9/2/2014,3840
9/3/2014,4656
9/4/2014,4879
9/5/2014,6899
9/6/2014,3216
9/7/2014,6312
9/8/2014,44463
9/9/2014,23388
9/10/2014,6589
9/11/2014,6090
9/12/2014,8572
9/13/2014,5550
9/14/2014,21193
9/15/2014,16458
9/16/2014,9862
9/17/2014,5510
9/18/2014,7252
9/19/2014,8236
9/20/2014,3638
9/21/2014,9530
9/22/2014,14876
9/23/2014,4642
9/24/2014,3489
9/25/2014,3585
9/26/2014,6898
9/27/2014,3688
9/28/2014,4172
9/29/2014,5380
9/30/2014,6011
10/1/2014,3891
10/2/2014,3923
10/3/2014,4300
10/4/2014,3088
10/5/2014,10214
10/6/2014,21262
10/7/2014,6943
10/8/2014,5843
10/9/2014,4450
10/10/2014,5326
10/11/2014,3043
10/12/2014,9023
10/13/2014,12561
10/14/2014,4921
10/15/2014,4078
10/16/2014,4128
10/17/2014,4800
10/18/2014,3645
10/19/2014,6006
10/20/2014,78784
10/21/2014,14877
10/22/2014,7177
10/23/2014,6412
10/24/2014,19080
10/25/2014,4602
10/26/2014,6657
10/27/2014,11870
10/28/2014,6376
10/29/2014,5193
10/30/2014,4764
10/31/2014,5071
11/1/2014,3120
11/2/2014,8868
11/3/2014,12761
11/4/2014,8596
11/5/2014,3864
11/6/2014,3603
11/7/2014,3624
11/8/2014,2195
11/9/2014,3984
11/10/2014,8374
11/11/2014,4371
11/12/2014,3707
11/13/2014,3377
11/14/2014,3124
11/15/2014,1945
11/16/2014,4441
11/17/2014,6072
11/18/2014,3832
11/19/2014,2958
11/20/2014,2997
11/21/2014,3232
11/22/2014,1860
11/23/2014,3650
11/24/2014,8729
11/25/2014,3695
11/26/2014,2887
11/27/2014,3389
11/28/2014,2846
11/29/2014,2136
11/30/2014,2880
12/1/2014,9341
12/2/2014,3972
12/3/2014,3957
12/4/2014,4028
12/5/2014,4394
12/6/2014,2230
12/7/2014,3331
12/8/2014,6283
12/9/2014,4409
12/10/2014,3360
12/11/2014,3774
12/12/2014,3317
12/13/2014,2235
12/14/2014,4561
12/15/2014,6970
12/16/2014,4881
12/17/2014,3548
12/18/2014,3302
12/19/2014,2524
12/20/2014,1850
12/21/2014,2725
12/22/2014,4296
12/23/2014,8609
12/24/2014,3566
12/25/2014,3030
12/26/2014,3305
12/27/2014,2476
12/28/2014,4394
12/29/2014,6299
12/30/2014,4076
12/31/2014,2761
1/1/2015,2557
1/2/2015,4032
1/3/2015,4611
1/4/2015,7590
1/5/2015,7249
1/6/2015,5792
1/7/2015,4915
1/8/2015,4529
1/9/2015,4780
1/10/2015,4053
1/11/2015,19665
1/12/2015,44134
1/13/2015,17330
1/14/2015,9046
1/15/2015,6631
1/16/2015,6523
1/17/2015,4582
1/18/2015,7178
1/19/2015,17316
1/20/2015,7724
1/21/2015,5774
1/22/2015,5350
1/23/2015,4432
1/24/2015,2762
1/25/2015,3247
1/26/2015,4268
1/27/2015,4038
1/28/2015,3936
1/29/2015,4288
1/30/2015,5422
1/31/2015,3233
2/1/2015,8387
2/2/2015,29238
2/3/2015,10649
2/4/2015,6088
2/6/2015,3765
2/7/2015,2655
2/8/2015,2472
2/9/2015,2783
2/10/2015,4512
2/11/2015,3486
2/12/2015,2584
2/13/2015,2724
2/14/2015,2463
2/15/2015,1822
2/16/2015,3655
2/17/2015,2494
2/18/2015,2450
2/19/2015,2347
2/20/2015,2216
2/21/2015,3169
2/22/2015,1557
2/23/2015,1779
2/24/2015,1883
2/25/2015,2201
2/26/2015,1815
2/27/2015,1633
2/28/2015,1144
3/1/2015,1156
3/2/2015,1576
3/3/2015,2045
3/4/2015,2429
3/5/2015,4568
3/6/2015,2743
3/7/2015,1389
3/8/2015,1348
3/9/2015,1913
3/10/2015,1964
3/11/2015,2171
3/12/2015,2012
3/13/2015,2216
3/14/2015,1276
3/15/2015,1142
3/16/2015,1539
3/17/2015,1780
3/18/2015,1559
3/19/2015,1675
3/20/2015,1468
3/21/2015,913
3/22/2015,1003
3/23/2015,1512
3/24/2015,2956
3/25/2015,2237
3/26/2015,1455
3/27/2015,1489
3/28/2015,998
3/29/2015,2626
3/30/2015,1195
3/31/2015,1438
4/1/2015,1358
4/2/2015,1295
4/3/2015,1357
4/4/2015,925
4/5/2015,899
4/6/2015,1284
4/7/2015,1148
4/8/2015,1202
4/9/2015,1386
4/10/2015,1451
4/11/2015,810
4/12/2015,1128
4/13/2015,1306
4/14/2015,1371
4/15/2015,1536
4/16/2015,1575
4/17/2015,1427
4/18/2015,908
4/19/2015,1508
4/20/2015,2080
4/21/2015,1645
4/22/2015,1944
4/23/2015,1782
4/24/2015,1530
4/25/2015,1347
4/26/2015,1201
4/27/2015,1520
4/28/2015,1565
4/29/2015,1743
4/30/2015,1934
5/1/2015,2321
5/2/2015,1267
5/3/2015,992
5/4/2015,1527
5/5/2015,1368
5/6/2015,2293
5/7/2015,1577
5/8/2015,1467
5/9/2015,1140
5/10/2015,1025
5/11/2015,1489
5/12/2015,2178
5/13/2015,1771
5/14/2015,1436
5/15/2015,1494
5/16/2015,846
5/17/2015,903
5/18/2015,1265
5/19/2015,1322
5/20/2015,1262
5/21/2015,6384
5/22/2015,3942
5/23/2015,1698
5/24/2015,1287
5/25/2015,1143
5/26/2015,1306
5/27/2015,1657
5/28/2015,1417
5/29/2015,1458
5/30/2015,834
5/31/2015,1025
6/1/2015,1181
6/2/2015,1343
6/3/2015,1293
6/4/2015,1173
6/5/2015,999
6/6/2015,794
6/7/2015,677
6/8/2015,1145
6/9/2015,1145
6/10/2015,1010
6/11/2015,1162
6/12/2015,949
6/13/2015,768
6/14/2015,682
6/15/2015,983
6/16/2015,1019
6/17/2015,1102
6/18/2015,966
6/19/2015,983
6/20/2015,628
6/21/2015,930
6/22/2015,1440
6/23/2015,1185
6/24/2015,1547
6/25/2015,1468
6/26/2015,1439
6/27/2015,1728
6/28/2015,806
6/29/2015,1057
6/30/2015,1115
7/1/2015,890
7/2/2015,916
7/3/2015,749
7/4/2015,648
7/5/2015,665
7/6/2015,953
7/7/2015,974
7/8/2015,1094
7/9/2015,1277
7/10/2015,1335
7/11/2015,819
7/12/2015,1078
7/13/2015,1247
7/14/2015,1199
7/15/2015,1338
7/16/2015,3264
7/17/2015,1626
7/18/2015,1153
7/19/2015,1333
7/20/2015,1705
7/21/2015,1665
7/22/2015,1762
7/23/2015,1624
7/24/2015,1320
7/25/2015,958
7/26/2015,929
7/27/2015,1462
7/28/2015,1372
7/29/2015,1400
7/30/2015,1490
7/31/2015,1506
8/1/2015,1052
8/2/2015,921
8/3/2015,1315
8/4/2015,1446
8/5/2015,1438
8/6/2015,2501
8/7/2015,1668
8/8/2015,1105
8/9/2015,1180
8/10/2015,1430
8/11/2015,2003
8/12/2015,1915
8/13/2015,1963
8/14/2015,1465
8/15/2015,1526
8/16/2015,1368
8/17/2015,1688
8/18/2015,2322
8/19/2015,2059
8/20/2015,2277
8/21/2015,2500
8/22/2015,1375
8/23/2015,1767
8/24/2015,2600
8/25/2015,2833
8/26/2015,2368
8/27/2015,1958
8/28/2015,1899
8/29/2015,1468
8/30/2015,2416
8/31/2015,2115
9/1/2015,1872
9/2/2015,2133
9/3/2015,3186
9/4/2015,3461
9/5/2015,2265
9/6/2015,2247
9/7/2015,2160
9/8/2015,2684
9/9/2015,3229
9/10/2015,3617
9/11/2015,5797
9/12/2015,2552
9/13/2015,6497
9/14/2015,8593
9/15/2015,4545
9/16/2015,3204
9/17/2015,4468
9/18/2015,16678
9/19/2015,3341
9/20/2015,4586
9/21/2015,5161
9/22/2015,4117
9/23/2015,3006
9/24/2015,3361
9/25/2015,5338
9/26/2015,2018
9/27/2015,4501
9/28/2015,13919
9/29/2015,5216
9/30/2015,3444
10/1/2015,2955
10/2/2015,2658
10/3/2015,1737
10/4/2015,4338
10/5/2015,6166
10/6/2015,3214
10/7/2015,2442
10/8/2015,2321
10/9/2015,2751
10/10/2015,1566
10/11/2015,3544
10/13/2015,3870
10/14/2015,2557
10/15/2015,2299
10/16/2015,2516
10/17/2015,1574
10/18/2015,4019
10/19/2015,6259
10/20/2015,4434
10/21/2015,2388
10/22/2015,2790
10/23/2015,2592
10/24/2015,2814
10/25/2015,3634
10/26/2015,4578
10/27/2015,3155
10/28/2015,2468
10/29/2015,2408
10/30/2015,3323
10/31/2015,2041
11/1/2015,3271
11/2/2015,11995
11/3/2015,4690
11/4/2015,3276
11/5/2015,2955
11/6/2015,4139
11/7/2015,2082
11/8/2015,4848
11/9/2015,9543
11/10/2015,3599
11/11/2015,2506
11/12/2015,2866
11/13/2015,2148
11/14/2015,1291
11/15/2015,2703
11/16/2015,15280
11/17/2015,6962
11/18/2015,4373
11/19/2015,3514
11/20/2015,3143
11/21/2015,1922
11/22/2015,3852
11/23/2015,5842
11/24/2015,4050
11/25/2015,3162
11/26/2015,2624
11/27/2015,3624
11/28/2015,1981
11/29/2015,3046
11/30/2015,189032
12/1/2015,101017
12/2/2015,6074
12/3/2015,3153
12/4/2015,3234
12/5/2015,1735
12/6/2015,3023
12/7/2015,4899
12/8/2015,2925
12/9/2015,2387
12/10/2015,3867
12/11/2015,2608
12/12/2015,1496
12/13/2015,2249
12/14/2015,4103
12/15/2015,3777
12/16/2015,2459
12/17/2015,1982
12/18/2015,1861
12/19/2015,1302
12/20/2015,2674
12/21/2015,4273
12/22/2015,3329
12/23/2015,2381
12/24/2015,1552
12/25/2015,1483
12/26/2015,1237
12/27/2015,7178
12/28/2015,10411
12/29/2015,10383
12/30/2015,4409
12/31/2015,2995
1/1/2016,1977
1/2/2016,2503
1/3/2016,3825
1/4/2016,10885
1/5/2016,5262
1/6/2016,4241
1/7/2016,4007
1/8/2016,3985
1/9/2016,2406
1/10/2016,3951
1/11/2016,4773
1/12/2016,3412
1/13/2016,3188
1/14/2016,3052
1/15/2016,3047
1/16/2016,2483
1/17/2016,10656
1/18/2016,30754
1/19/2016,9190
1/20/2016,7269
